region,Stu_Pop,city,district,town
경기도 가평군 가평읍,670,가평군,None,가평읍
경기도 가평군 북면,135,가평군,None,북면
경기도 가평군 상면,189,가평군,None,상면
경기도 가평군 설악면,325,가평군,None,설악면
경기도 가평군 조종면,333,가평군,None,조종면
경기도 가평군 청평면,484,가평군,None,청평면
경기도 고양시 덕양구 고양동,1085,고양시,덕양구,고양동
경기도 고양시 덕양구 관산동,1287,고양시,덕양구,관산동
경기도 고양시 덕양구 능곡동,559,고양시,덕양구,능곡동
경기도 고양시 덕양구 대덕동,92,고양시,덕양구,대덕동
경기도 고양시 덕양구 삼송동,780,고양시,덕양구,삼송동
경기도 고양시 덕양구 성사1동,771,고양시,덕양구,성사1동
경기도 고양시 덕양구 성사2동,410,고양시,덕양구,성사2동
경기도 고양시 덕양구 원신동,840,고양시,덕양구,원신동
경기도 고양시 덕양구 주교동,543,고양시,덕양구,주교동
경기도 고양시 덕양구 창릉동,715,고양시,덕양구,창릉동
경기도 고양시 덕양구 행신1동,791,고양시,덕양구,행신1동
경기도 고양시 덕양구 행신2동,1158,고양시,덕양구,행신2동
경기도 고양시 덕양구 행신3동,1640,고양시,덕양구,행신3동
경기도 고양시 덕양구 행주동,689,고양시,덕양구,행주동
경기도 고양시 덕양구 화전동,787,고양시,덕양구,화전동
경기도 고양시 덕양구 화정1동,1355,고양시,덕양구,화정1동
경기도 고양시 덕양구 화정2동,1189,고양시,덕양구,화정2동
경기도 고양시 덕양구 효자동,387,고양시,덕양구,효자동
경기도 고양시 덕양구 흥도동,1574,고양시,덕양구,흥도동
경기도 고양시 일산동구 고봉동,939,고양시,일산동구,고봉동
경기도 고양시 일산동구 마두1동,1019,고양시,일산동구,마두1동
경기도 고양시 일산동구 마두2동,690,고양시,일산동구,마두2동
경기도 고양시 일산동구 백석1동,1289,고양시,일산동구,백석1동
경기도 고양시 일산동구 백석2동,866,고양시,일산동구,백석2동
경기도 고양시 일산동구 식사동,1421,고양시,일산동구,식사동
경기도 고양시 일산동구 장항1동,440,고양시,일산동구,장항1동
경기도 고양시 일산동구 장항2동,1091,고양시,일산동구,장항2동
경기도 고양시 일산동구 정발산동,993,고양시,일산동구,정발산동
경기도 고양시 일산동구 중산동,1977,고양시,일산동구,중산동
경기도 고양시 일산동구 풍산동,1631,고양시,일산동구,풍산동
경기도 고양시 일산서구 대화동,1586,고양시,일산서구,대화동
경기도 고양시 일산서구 송산동,2327,고양시,일산서구,송산동
경기도 고양시 일산서구 송포동,976,고양시,일산서구,송포동
경기도 고양시 일산서구 일산1동,1261,고양시,일산서구,일산1동
경기도 고양시 일산서구 일산2동,851,고양시,일산서구,일산2동
경기도 고양시 일산서구 일산3동,1630,고양시,일산서구,일산3동
경기도 고양시 일산서구 주엽1동,1276,고양시,일산서구,주엽1동
경기도 고양시 일산서구 주엽2동,1325,고양시,일산서구,주엽2동
경기도 고양시 일산서구 탄현동,2363,고양시,일산서구,탄현동
경기도 과천시 갈현동,466,과천시,None,갈현동
경기도 과천시 과천동,421,과천시,None,과천동
경기도 과천시 문원동,344,과천시,None,문원동
경기도 과천시 별양동,448,과천시,None,별양동
경기도 과천시 부림동,502,과천시,None,부림동
경기도 과천시 중앙동,419,과천시,None,중앙동
경기도 광명시 광명1동,218,광명시,None,광명1동
경기도 광명시 광명2동,291,광명시,None,광명2동
경기도 광명시 광명3동,355,광명시,None,광명3동
경기도 광명시 광명4동,517,광명시,None,광명4동
경기도 광명시 광명5동,534,광명시,None,광명5동
경기도 광명시 광명6동,399,광명시,None,광명6동
경기도 광명시 광명7동,621,광명시,None,광명7동
경기도 광명시 소하1동,1174,광명시,None,소하1동
경기도 광명시 소하2동,1851,광명시,None,소하2동
경기도 광명시 철산1동,468,광명시,None,철산1동
경기도 광명시 철산2동,477,광명시,None,철산2동
경기도 광명시 철산3동,1201,광명시,None,철산3동
경기도 광명시 철산4동,496,광명시,None,철산4동
경기도 광명시 하안1동,968,광명시,None,하안1동
경기도 광명시 하안2동,520,광명시,None,하안2동
경기도 광명시 하안3동,764,광명시,None,하안3동
경기도 광명시 하안4동,468,광명시,None,하안4동
경기도 광명시 학온동,82,광명시,None,학온동
경기도 광주시 경안동,1455,광주시,None,경안동
경기도 광주시 곤지암읍,766,광주시,None,곤지암읍
경기도 광주시 광남동,2247,광주시,None,광남동
경기도 광주시 남종면,50,광주시,None,남종면
경기도 광주시 남한산성면,89,광주시,None,남한산성면
경기도 광주시 도척면,306,광주시,None,도척면
경기도 광주시 송정동,2039,광주시,None,송정동
경기도 광주시 오포읍,3702,광주시,None,오포읍
경기도 광주시 초월읍,1476,광주시,None,초월읍
경기도 광주시 퇴촌면,487,광주시,None,퇴촌면
경기도 구리시 갈매동,1267,구리시,None,갈매동
경기도 구리시 교문1동,657,구리시,None,교문1동
경기도 구리시 교문2동,902,구리시,None,교문2동
경기도 구리시 동구동,1553,구리시,None,동구동
경기도 구리시 수택1동,755,구리시,None,수택1동
경기도 구리시 수택2동,1028,구리시,None,수택2동
경기도 구리시 수택3동,886,구리시,None,수택3동
경기도 구리시 인창동,922,구리시,None,인창동
경기도 군포시 광정동,934,군포시,None,광정동
경기도 군포시 군포1동,1222,군포시,None,군포1동
경기도 군포시 군포2동,1978,군포시,None,군포2동
경기도 군포시 궁내동,777,군포시,None,궁내동
경기도 군포시 금정동,638,군포시,None,금정동
경기도 군포시 대야동,746,군포시,None,대야동
경기도 군포시 산본1동,593,군포시,None,산본1동
경기도 군포시 산본2동,1014,군포시,None,산본2동
경기도 군포시 수리동,627,군포시,None,수리동
경기도 군포시 오금동,823,군포시,None,오금동
경기도 군포시 재궁동,712,군포시,None,재궁동
경기도 김포시 고촌읍,1097,김포시,None,고촌읍
경기도 김포시 구래동,1402,김포시,None,구래동
경기도 김포시 김포본동,1784,김포시,None,김포본동
경기도 김포시 대곶면,340,김포시,None,대곶면
경기도 김포시 마산동,1068,김포시,None,마산동
경기도 김포시 사우동,803,김포시,None,사우동
경기도 김포시 양촌읍,983,김포시,None,양촌읍
경기도 김포시 운양동,1725,김포시,None,운양동
경기도 김포시 월곶면,193,김포시,None,월곶면
경기도 김포시 장기동,1443,김포시,None,장기동
경기도 김포시 장기본동,1379,김포시,None,장기본동
경기도 김포시 통진읍,924,김포시,None,통진읍
경기도 김포시 풍무동,2165,김포시,None,풍무동
경기도 김포시 하성면,288,김포시,None,하성면
경기도 남양주시 금곡동,703,남양주시,None,금곡동
경기도 남양주시 다산1동,2783,남양주시,None,다산1동
경기도 남양주시 다산2동,1302,남양주시,None,다산2동
경기도 남양주시 별내동,2637,남양주시,None,별내동
경기도 남양주시 별내면,723,남양주시,None,별내면
경기도 남양주시 수동면,328,남양주시,None,수동면
경기도 남양주시 양정동,169,남양주시,None,양정동
경기도 남양주시 오남읍,1953,남양주시,None,오남읍
경기도 남양주시 와부읍,2311,남양주시,None,와부읍
경기도 남양주시 조안면,154,남양주시,None,조안면
경기도 남양주시 진건읍,901,남양주시,None,진건읍
경기도 남양주시 진접읍,3406,남양주시,None,진접읍
경기도 남양주시 퇴계원읍,1096,남양주시,None,퇴계원읍
경기도 남양주시 평내동,1258,남양주시,None,평내동
경기도 남양주시 호평동,1858,남양주시,None,호평동
경기도 남양주시 화도읍,3685,남양주시,None,화도읍
경기도 남양주시 화도읍동부출장소,512,남양주시,None,화도읍동부출장소
경기도 동두천시 보산동,128,동두천시,None,보산동
경기도 동두천시 불현동,1144,동두천시,None,불현동
경기도 동두천시 상패동,206,동두천시,None,상패동
경기도 동두천시 생연1동,284,동두천시,None,생연1동
경기도 동두천시 생연2동,470,동두천시,None,생연2동
경기도 동두천시 소요동,354,동두천시,None,소요동
경기도 동두천시 송내동,1065,동두천시,None,송내동
경기도 동두천시 중앙동,213,동두천시,None,중앙동
경기도 부천시 대산동,2970,부천시,None,대산동
경기도 부천시 범안동,3468,부천시,None,범안동
경기도 부천시 부천동,3253,부천시,None,부천동
경기도 부천시 상동,3131,부천시,None,상동
경기도 부천시 성곡동,3055,부천시,None,성곡동
경기도 부천시 소사본동,2039,부천시,None,소사본동
경기도 부천시 신중동,4742,부천시,None,신중동
경기도 부천시 심곡동,2326,부천시,None,심곡동
경기도 부천시 오정동,3071,부천시,None,오정동
경기도 부천시 중동,1514,부천시,None,중동
경기도 성남시 분당구 구미1동,723,성남시,분당구,구미1동
경기도 성남시 분당구 구미동,1285,성남시,분당구,구미동
경기도 성남시 분당구 금곡동,1178,성남시,분당구,금곡동
경기도 성남시 분당구 백현동,1136,성남시,분당구,백현동
경기도 성남시 분당구 분당동,1084,성남시,분당구,분당동
경기도 성남시 분당구 삼평동,1005,성남시,분당구,삼평동
경기도 성남시 분당구 서현1동,1317,성남시,분당구,서현1동
경기도 성남시 분당구 서현2동,763,성남시,분당구,서현2동
경기도 성남시 분당구 수내1동,735,성남시,분당구,수내1동
경기도 성남시 분당구 수내2동,435,성남시,분당구,수내2동
경기도 성남시 분당구 수내3동,575,성남시,분당구,수내3동
경기도 성남시 분당구 야탑1동,723,성남시,분당구,야탑1동
경기도 성남시 분당구 야탑2동,687,성남시,분당구,야탑2동
경기도 성남시 분당구 야탑3동,1196,성남시,분당구,야탑3동
경기도 성남시 분당구 운중동,870,성남시,분당구,운중동
경기도 성남시 분당구 이매1동,1057,성남시,분당구,이매1동
경기도 성남시 분당구 이매2동,566,성남시,분당구,이매2동
경기도 성남시 분당구 정자1동,1260,성남시,분당구,정자1동
경기도 성남시 분당구 정자2동,655,성남시,분당구,정자2동
경기도 성남시 분당구 정자3동,638,성남시,분당구,정자3동
경기도 성남시 분당구 정자동,809,성남시,분당구,정자동
경기도 성남시 분당구 판교동,967,성남시,분당구,판교동
경기도 성남시 수정구 고등동,202,성남시,수정구,고등동
경기도 성남시 수정구 단대동,461,성남시,수정구,단대동
경기도 성남시 수정구 복정동,328,성남시,수정구,복정동
경기도 성남시 수정구 산성동,372,성남시,수정구,산성동
경기도 성남시 수정구 수진1동,363,성남시,수정구,수진1동
경기도 성남시 수정구 수진2동,470,성남시,수정구,수진2동
경기도 성남시 수정구 시흥동,93,성남시,수정구,시흥동
경기도 성남시 수정구 신촌동,137,성남시,수정구,신촌동
경기도 성남시 수정구 신흥1동,386,성남시,수정구,신흥1동
경기도 성남시 수정구 신흥2동,281,성남시,수정구,신흥2동
경기도 성남시 수정구 신흥3동,319,성남시,수정구,신흥3동
경기도 성남시 수정구 양지동,289,성남시,수정구,양지동
경기도 성남시 수정구 위례동,1309,성남시,수정구,위례동
경기도 성남시 수정구 태평1동,449,성남시,수정구,태평1동
경기도 성남시 수정구 태평2동,455,성남시,수정구,태평2동
경기도 성남시 수정구 태평3동,394,성남시,수정구,태평3동
경기도 성남시 수정구 태평4동,395,성남시,수정구,태평4동
경기도 성남시 중원구 금광1동,222,성남시,중원구,금광1동
경기도 성남시 중원구 금광2동,781,성남시,중원구,금광2동
경기도 성남시 중원구 도촌동,872,성남시,중원구,도촌동
경기도 성남시 중원구 상대원1동,818,성남시,중원구,상대원1동
경기도 성남시 중원구 상대원2동,443,성남시,중원구,상대원2동
경기도 성남시 중원구 상대원3동,399,성남시,중원구,상대원3동
경기도 성남시 중원구 성남동,1053,성남시,중원구,성남동
경기도 성남시 중원구 은행1동,340,성남시,중원구,은행1동
경기도 성남시 중원구 은행2동,779,성남시,중원구,은행2동
경기도 성남시 중원구 중앙동,447,성남시,중원구,중앙동
경기도 성남시 중원구 하대원동,665,성남시,중원구,하대원동
경기도 수원시 권선구 곡선동,1030,수원시,권선구,곡선동
경기도 수원시 권선구 구운동,934,수원시,권선구,구운동
경기도 수원시 권선구 권선1동,922,수원시,권선구,권선1동
경기도 수원시 권선구 권선2동,1859,수원시,권선구,권선2동
경기도 수원시 권선구 금곡동,1702,수원시,권선구,금곡동
경기도 수원시 권선구 서둔동,1431,수원시,권선구,서둔동
경기도 수원시 권선구 세류1동,391,수원시,권선구,세류1동
경기도 수원시 권선구 세류2동,885,수원시,권선구,세류2동
경기도 수원시 권선구 세류3동,732,수원시,권선구,세류3동
경기도 수원시 권선구 입북동,631,수원시,권선구,입북동
경기도 수원시 권선구 평동,1514,수원시,권선구,평동
경기도 수원시 권선구 호매실동,1714,수원시,권선구,호매실동
경기도 수원시 영통구 광교1동,2275,수원시,영통구,광교1동
경기도 수원시 영통구 광교2동,1210,수원시,영통구,광교2동
경기도 수원시 영통구 망포1동,1370,수원시,영통구,망포1동
경기도 수원시 영통구 망포2동,1222,수원시,영통구,망포2동
경기도 수원시 영통구 매탄1동,806,수원시,영통구,매탄1동
경기도 수원시 영통구 매탄2동,661,수원시,영통구,매탄2동
경기도 수원시 영통구 매탄3동,1571,수원시,영통구,매탄3동
경기도 수원시 영통구 매탄4동,959,수원시,영통구,매탄4동
경기도 수원시 영통구 영통1동,1564,수원시,영통구,영통1동
경기도 수원시 영통구 영통2동,1141,수원시,영통구,영통2동
경기도 수원시 영통구 영통3동,1421,수원시,영통구,영통3동
경기도 수원시 영통구 원천동,1687,수원시,영통구,원천동
경기도 수원시 장안구 송죽동,833,수원시,장안구,송죽동
경기도 수원시 장안구 연무동,687,수원시,장안구,연무동
경기도 수원시 장안구 영화동,853,수원시,장안구,영화동
경기도 수원시 장안구 율천동,1810,수원시,장안구,율천동
경기도 수원시 장안구 정자1동,1262,수원시,장안구,정자1동
경기도 수원시 장안구 정자2동,1271,수원시,장안구,정자2동
경기도 수원시 장안구 정자3동,1808,수원시,장안구,정자3동
경기도 수원시 장안구 조원1동,1218,수원시,장안구,조원1동
경기도 수원시 장안구 조원2동,810,수원시,장안구,조원2동
경기도 수원시 장안구 파장동,993,수원시,장안구,파장동
경기도 수원시 팔달구 고등동,303,수원시,팔달구,고등동
경기도 수원시 팔달구 매교동,197,수원시,팔달구,매교동
경기도 수원시 팔달구 매산동,354,수원시,팔달구,매산동
경기도 수원시 팔달구 우만1동,692,수원시,팔달구,우만1동
경기도 수원시 팔달구 우만2동,576,수원시,팔달구,우만2동
경기도 수원시 팔달구 인계동,1263,수원시,팔달구,인계동
경기도 수원시 팔달구 지동,383,수원시,팔달구,지동
경기도 수원시 팔달구 행궁동,363,수원시,팔달구,행궁동
경기도 수원시 팔달구 화서1동,776,수원시,팔달구,화서1동
경기도 수원시 팔달구 화서2동,895,수원시,팔달구,화서2동
경기도 시흥시 과림동,83,시흥시,None,과림동
경기도 시흥시 군자동,959,시흥시,None,군자동
경기도 시흥시 능곡동,765,시흥시,None,능곡동
경기도 시흥시 대야동,1539,시흥시,None,대야동
경기도 시흥시 매화동,525,시흥시,None,매화동
경기도 시흥시 목감동,1820,시흥시,None,목감동
경기도 시흥시 배곧동,2963,시흥시,None,배곧동
경기도 시흥시 신천동,1585,시흥시,None,신천동
경기도 시흥시 신현동,431,시흥시,None,신현동
경기도 시흥시 연성동,1028,시흥시,None,연성동
경기도 시흥시 월곶동,656,시흥시,None,월곶동
경기도 시흥시 은행동,2080,시흥시,None,은행동
경기도 시흥시 장곡동,731,시흥시,None,장곡동
경기도 시흥시 정왕1동,955,시흥시,None,정왕1동
경기도 시흥시 정왕2동,1353,시흥시,None,정왕2동
경기도 시흥시 정왕3동,972,시흥시,None,정왕3동
경기도 시흥시 정왕4동,913,시흥시,None,정왕4동
경기도 시흥시 정왕본동,864,시흥시,None,정왕본동
경기도 안산시 단원구 고잔동,986,안산시,단원구,고잔동
경기도 안산시 단원구 대부동,381,안산시,단원구,대부동
경기도 안산시 단원구 백운동,827,안산시,단원구,백운동
경기도 안산시 단원구 선부1동,703,안산시,단원구,선부1동
경기도 안산시 단원구 선부2동,775,안산시,단원구,선부2동
경기도 안산시 단원구 선부3동,1602,안산시,단원구,선부3동
경기도 안산시 단원구 신길동,1011,안산시,단원구,신길동
경기도 안산시 단원구 와동,1726,안산시,단원구,와동
경기도 안산시 단원구 원곡동,286,안산시,단원구,원곡동
경기도 안산시 단원구 중앙동,1140,안산시,단원구,중앙동
경기도 안산시 단원구 초지동,2104,안산시,단원구,초지동
경기도 안산시 단원구 호수동,1987,안산시,단원구,호수동
경기도 안산시 상록구 반월동,790,안산시,상록구,반월동
경기도 안산시 상록구 본오1동,1679,안산시,상록구,본오1동
경기도 안산시 상록구 본오2동,1180,안산시,상록구,본오2동
경기도 안산시 상록구 본오3동,890,안산시,상록구,본오3동
경기도 안산시 상록구 부곡동,961,안산시,상록구,부곡동
경기도 안산시 상록구 사동,1460,안산시,상록구,사동
경기도 안산시 상록구 사이동,1444,안산시,상록구,사이동
경기도 안산시 상록구 성포동,1187,안산시,상록구,성포동
경기도 안산시 상록구 안산동,400,안산시,상록구,안산동
경기도 안산시 상록구 월피동,1703,안산시,상록구,월피동
경기도 안산시 상록구 이동,1064,안산시,상록구,이동
경기도 안산시 상록구 일동,1108,안산시,상록구,일동
경기도 안산시 상록구 해양동,1251,안산시,상록구,해양동
경기도 안성시 고삼면,67,안성시,None,고삼면
경기도 안성시 공도읍,2022,안성시,None,공도읍
경기도 안성시 금광면,264,안성시,None,금광면
경기도 안성시 대덕면,547,안성시,None,대덕면
경기도 안성시 미양면,197,안성시,None,미양면
경기도 안성시 보개면,191,안성시,None,보개면
경기도 안성시 삼죽면,132,안성시,None,삼죽면
경기도 안성시 서운면,119,안성시,None,서운면
경기도 안성시 안성1동,440,안성시,None,안성1동
경기도 안성시 안성2동,791,안성시,None,안성2동
경기도 안성시 안성3동,773,안성시,None,안성3동
경기도 안성시 양성면,183,안성시,None,양성면
경기도 안성시 원곡면,218,안성시,None,원곡면
경기도 안성시 일죽면,266,안성시,None,일죽면
경기도 안성시 죽산면,240,안성시,None,죽산면
경기도 안양시 동안구 갈산동,458,안양시,동안구,갈산동
경기도 안양시 동안구 관양1동,1513,안양시,동안구,관양1동
경기도 안양시 동안구 관양2동,783,안양시,동안구,관양2동
경기도 안양시 동안구 귀인동,685,안양시,동안구,귀인동
경기도 안양시 동안구 달안동,455,안양시,동안구,달안동
경기도 안양시 동안구 범계동,630,안양시,동안구,범계동
경기도 안양시 동안구 부림동,1108,안양시,동안구,부림동
경기도 안양시 동안구 부흥동,718,안양시,동안구,부흥동
경기도 안양시 동안구 비산1동,881,안양시,동안구,비산1동
경기도 안양시 동안구 비산2동,452,안양시,동안구,비산2동
경기도 안양시 동안구 비산3동,873,안양시,동안구,비산3동
경기도 안양시 동안구 신촌동,540,안양시,동안구,신촌동
경기도 안양시 동안구 평안동,976,안양시,동안구,평안동
경기도 안양시 동안구 평촌동,616,안양시,동안구,평촌동
경기도 안양시 동안구 호계1동,329,안양시,동안구,호계1동
경기도 안양시 동안구 호계2동,877,안양시,동안구,호계2동
경기도 안양시 동안구 호계3동,898,안양시,동안구,호계3동
경기도 안양시 만안구 박달1동,530,안양시,만안구,박달1동
경기도 안양시 만안구 박달2동,793,안양시,만안구,박달2동
경기도 안양시 만안구 석수1동,684,안양시,만안구,석수1동
경기도 안양시 만안구 석수2동,1118,안양시,만안구,석수2동
경기도 안양시 만안구 석수3동,475,안양시,만안구,석수3동
경기도 안양시 만안구 안양1동,438,안양시,만안구,안양1동
경기도 안양시 만안구 안양2동,740,안양시,만안구,안양2동
경기도 안양시 만안구 안양3동,575,안양시,만안구,안양3동
경기도 안양시 만안구 안양4동,249,안양시,만안구,안양4동
경기도 안양시 만안구 안양5동,434,안양시,만안구,안양5동
경기도 안양시 만안구 안양6동,688,안양시,만안구,안양6동
경기도 안양시 만안구 안양7동,546,안양시,만안구,안양7동
경기도 안양시 만안구 안양8동,380,안양시,만안구,안양8동
경기도 안양시 만안구 안양9동,601,안양시,만안구,안양9동
경기도 양주시 광적면,456,양주시,None,광적면
경기도 양주시 남면,267,양주시,None,남면
경기도 양주시 백석읍,997,양주시,None,백석읍
경기도 양주시 양주1동,204,양주시,None,양주1동
경기도 양주시 양주2동,1888,양주시,None,양주2동
경기도 양주시 은현면,230,양주시,None,은현면
경기도 양주시 장흥면,389,양주시,None,장흥면
경기도 양주시 회천1동,372,양주시,None,회천1동
경기도 양주시 회천2동,1022,양주시,None,회천2동
경기도 양주시 회천3동,1046,양주시,None,회천3동
경기도 양주시 회천4동,1563,양주시,None,회천4동
경기도 양평군 강상면,378,양평군,None,강상면
경기도 양평군 강하면,172,양평군,None,강하면
경기도 양평군 개군면,190,양평군,None,개군면
경기도 양평군 단월면,144,양평군,None,단월면
경기도 양평군 서종면,355,양평군,None,서종면
경기도 양평군 양동면,169,양평군,None,양동면
경기도 양평군 양서면,493,양평군,None,양서면
경기도 양평군 양평읍,1137,양평군,None,양평읍
경기도 양평군 옥천면,289,양평군,None,옥천면
경기도 양평군 용문면,646,양평군,None,용문면
경기도 양평군 지평면,252,양평군,None,지평면
경기도 양평군 청운면,138,양평군,None,청운면
경기도 여주시 가남읍,612,여주시,None,가남읍
경기도 여주시 강천면,162,여주시,None,강천면
경기도 여주시 금사면,116,여주시,None,금사면
경기도 여주시 능서면,251,여주시,None,능서면
경기도 여주시 대신면,279,여주시,None,대신면
경기도 여주시 북내면,193,여주시,None,북내면
경기도 여주시 산북면,100,여주시,None,산북면
경기도 여주시 여흥동,864,여주시,None,여흥동
경기도 여주시 오학동,680,여주시,None,오학동
경기도 여주시 점동면,181,여주시,None,점동면
경기도 여주시 중앙동,730,여주시,None,중앙동
경기도 여주시 흥천면,197,여주시,None,흥천면
경기도 연천군 군남면,104,연천군,None,군남면
경기도 연천군 미산면,56,연천군,None,미산면
경기도 연천군 백학면,85,연천군,None,백학면
경기도 연천군 신서면,89,연천군,None,신서면
경기도 연천군 연천읍,251,연천군,None,연천읍
경기도 연천군 왕징면,32,연천군,None,왕징면
경기도 연천군 장남면,23,연천군,None,장남면
경기도 연천군 전곡읍,613,연천군,None,전곡읍
경기도 연천군 중면,6,연천군,None,중면
경기도 연천군 청산면,126,연천군,None,청산면
경기도 오산시 남촌동,755,오산시,None,남촌동
경기도 오산시 대원동,2440,오산시,None,대원동
경기도 오산시 세마동,1203,오산시,None,세마동
경기도 오산시 신장동,2246,오산시,None,신장동
경기도 오산시 중앙동,1371,오산시,None,중앙동
경기도 오산시 초평동,614,오산시,None,초평동
경기도 용인시 기흥구 구갈동,1465,용인시,기흥구,구갈동
경기도 용인시 기흥구 구성동,1366,용인시,기흥구,구성동
경기도 용인시 기흥구 기흥동,731,용인시,기흥구,기흥동
경기도 용인시 기흥구 동백1동,1140,용인시,기흥구,동백1동
경기도 용인시 기흥구 동백2동,947,용인시,기흥구,동백2동
경기도 용인시 기흥구 동백3동,800,용인시,기흥구,동백3동
경기도 용인시 기흥구 마북동,1123,용인시,기흥구,마북동
경기도 용인시 기흥구 보라동,1159,용인시,기흥구,보라동
경기도 용인시 기흥구 보정동,1263,용인시,기흥구,보정동
경기도 용인시 기흥구 상갈동,467,용인시,기흥구,상갈동
경기도 용인시 기흥구 상하동,865,용인시,기흥구,상하동
경기도 용인시 기흥구 서농동,886,용인시,기흥구,서농동
경기도 용인시 기흥구 신갈동,1350,용인시,기흥구,신갈동
경기도 용인시 기흥구 영덕1동,1065,용인시,기흥구,영덕1동
경기도 용인시 기흥구 영덕2동,598,용인시,기흥구,영덕2동
경기도 용인시 수지구 동천동,1879,용인시,수지구,동천동
경기도 용인시 수지구 상현1동,1894,용인시,수지구,상현1동
경기도 용인시 수지구 상현2동,1325,용인시,수지구,상현2동
경기도 용인시 수지구 성복동,1919,용인시,수지구,성복동
경기도 용인시 수지구 신봉동,1479,용인시,수지구,신봉동
경기도 용인시 수지구 죽전1동,2206,용인시,수지구,죽전1동
경기도 용인시 수지구 죽전2동,721,용인시,수지구,죽전2동
경기도 용인시 수지구 풍덕천1동,1420,용인시,수지구,풍덕천1동
경기도 용인시 수지구 풍덕천2동,1627,용인시,수지구,풍덕천2동
경기도 용인시 처인구 남사면,944,용인시,처인구,남사면
경기도 용인시 처인구 동부동,535,용인시,처인구,동부동
경기도 용인시 처인구 모현읍,1048,용인시,처인구,모현읍
경기도 용인시 처인구 백암면,344,용인시,처인구,백암면
경기도 용인시 처인구 양지면,787,용인시,처인구,양지면
경기도 용인시 처인구 역삼동,1788,용인시,처인구,역삼동
경기도 용인시 처인구 원삼면,333,용인시,처인구,원삼면
경기도 용인시 처인구 유림동,1452,용인시,처인구,유림동
경기도 용인시 처인구 이동읍,817,용인시,처인구,이동읍
경기도 용인시 처인구 중앙동,986,용인시,처인구,중앙동
경기도 용인시 처인구 포곡읍,1343,용인시,처인구,포곡읍
경기도 의왕시 고천동,507,의왕시,None,고천동
경기도 의왕시 내손1동,905,의왕시,None,내손1동
경기도 의왕시 내손2동,1110,의왕시,None,내손2동
경기도 의왕시 부곡동,1250,의왕시,None,부곡동
경기도 의왕시 오전동,1622,의왕시,None,오전동
경기도 의왕시 청계동,1547,의왕시,None,청계동
경기도 의정부시 가능동,1016,의정부시,None,가능동
경기도 의정부시 녹양동,864,의정부시,None,녹양동
경기도 의정부시 송산1동,1295,의정부시,None,송산1동
경기도 의정부시 송산2동,1318,의정부시,None,송산2동
경기도 의정부시 송산3동,1774,의정부시,None,송산3동
경기도 의정부시 신곡1동,1728,의정부시,None,신곡1동
경기도 의정부시 신곡2동,1702,의정부시,None,신곡2동
경기도 의정부시 의정부1동,1203,의정부시,None,의정부1동
경기도 의정부시 의정부2동,1219,의정부시,None,의정부2동
경기도 의정부시 자금동,1068,의정부시,None,자금동
경기도 의정부시 장암동,800,의정부시,None,장암동
경기도 의정부시 호원1동,1402,의정부시,None,호원1동
경기도 의정부시 호원2동,1370,의정부시,None,호원2동
경기도 의정부시 흥선동,746,의정부시,None,흥선동
경기도 이천시 관고동,423,이천시,None,관고동
경기도 이천시 대월면,596,이천시,None,대월면
경기도 이천시 마장면,549,이천시,None,마장면
경기도 이천시 모가면,183,이천시,None,모가면
경기도 이천시 백사면,457,이천시,None,백사면
경기도 이천시 부발읍,1481,이천시,None,부발읍
경기도 이천시 설성면,197,이천시,None,설성면
경기도 이천시 신둔면,548,이천시,None,신둔면
경기도 이천시 율면,110,이천시,None,율면
경기도 이천시 장호원읍,608,이천시,None,장호원읍
경기도 이천시 중리동,605,이천시,None,중리동
경기도 이천시 증포동,2219,이천시,None,증포동
경기도 이천시 창전동,711,이천시,None,창전동
경기도 이천시 호법면,247,이천시,None,호법면
경기도 파주시 광탄면,426,파주시,None,광탄면
경기도 파주시 교하동,1513,파주시,None,교하동
경기도 파주시 금촌1동,834,파주시,None,금촌1동
경기도 파주시 금촌2동,1243,파주시,None,금촌2동
경기도 파주시 금촌3동,1013,파주시,None,금촌3동
경기도 파주시 문산읍,1790,파주시,None,문산읍
경기도 파주시 법원읍,404,파주시,None,법원읍
경기도 파주시 운정1동,1672,파주시,None,운정1동
경기도 파주시 운정2동,2303,파주시,None,운정2동
경기도 파주시 운정3동,2712,파주시,None,운정3동
경기도 파주시 월롱면,341,파주시,None,월롱면
경기도 파주시 장단출장소,21,파주시,None,장단출장소
경기도 파주시 적성면,280,파주시,None,적성면
경기도 파주시 조리읍,1115,파주시,None,조리읍
경기도 파주시 진동면,5,파주시,None,진동면
경기도 파주시 탄현면,497,파주시,None,탄현면
경기도 파주시 파주읍,483,파주시,None,파주읍
경기도 파주시 파평면,145,파주시,None,파평면
경기도 평택시 고덕면,767,평택시,None,고덕면
경기도 평택시 비전1동,3043,평택시,None,비전1동
경기도 평택시 비전2동,2117,평택시,None,비전2동
경기도 평택시 서정동,1042,평택시,None,서정동
경기도 평택시 서탄면,145,평택시,None,서탄면
경기도 평택시 세교동,1056,평택시,None,세교동
경기도 평택시 송북동,881,평택시,None,송북동
경기도 평택시 송탄동,774,평택시,None,송탄동
경기도 평택시 신장1동,289,평택시,None,신장1동
경기도 평택시 신장2동,230,평택시,None,신장2동
경기도 평택시 신평동,913,평택시,None,신평동
경기도 평택시 안중읍,1752,평택시,None,안중읍
경기도 평택시 오성면,270,평택시,None,오성면
경기도 평택시 용이동,993,평택시,None,용이동
경기도 평택시 원평동,430,평택시,None,원평동
경기도 평택시 중앙동,1763,평택시,None,중앙동
경기도 평택시 지산동,482,평택시,None,지산동
경기도 평택시 진위면,455,평택시,None,진위면
경기도 평택시 청북읍,1030,평택시,None,청북읍
경기도 평택시 통복동,166,평택시,None,통복동
경기도 평택시 팽성읍,1100,평택시,None,팽성읍
경기도 평택시 포승읍,961,평택시,None,포승읍
경기도 평택시 현덕면,217,평택시,None,현덕면
경기도 포천시 가산면,277,포천시,None,가산면
경기도 포천시 관인면,100,포천시,None,관인면
경기도 포천시 군내면,310,포천시,None,군내면
경기도 포천시 내촌면,166,포천시,None,내촌면
경기도 포천시 선단동,514,포천시,None,선단동
경기도 포천시 소흘읍,1580,포천시,None,소흘읍
경기도 포천시 신북면,453,포천시,None,신북면
경기도 포천시 영북면,305,포천시,None,영북면
경기도 포천시 영중면,174,포천시,None,영중면
경기도 포천시 이동면,219,포천시,None,이동면
경기도 포천시 일동면,338,포천시,None,일동면
경기도 포천시 창수면,78,포천시,None,창수면
경기도 포천시 포천동,669,포천시,None,포천동
경기도 포천시 화현면,98,포천시,None,화현면
경기도 하남시 감북동,91,하남시,None,감북동
경기도 하남시 감일동,278,하남시,None,감일동
경기도 하남시 덕풍1동,523,하남시,None,덕풍1동
경기도 하남시 덕풍2동,623,하남시,None,덕풍2동
경기도 하남시 덕풍3동,817,하남시,None,덕풍3동
경기도 하남시 미사1동,1399,하남시,None,미사1동
경기도 하남시 미사2동,1545,하남시,None,미사2동
경기도 하남시 신장1동,208,하남시,None,신장1동
경기도 하남시 신장2동,1462,하남시,None,신장2동
경기도 하남시 위례동,613,하남시,None,위례동
경기도 하남시 천현동,247,하남시,None,천현동
경기도 하남시 초이동,118,하남시,None,초이동
경기도 하남시 춘궁동,129,하남시,None,춘궁동
경기도 하남시 풍산동,944,하남시,None,풍산동
경기도 화성시 기배동,514,화성시,None,기배동
경기도 화성시 남양읍,1474,화성시,None,남양읍
경기도 화성시 동탄1동,1887,화성시,None,동탄1동
경기도 화성시 동탄2동,1341,화성시,None,동탄2동
경기도 화성시 동탄3동,1557,화성시,None,동탄3동
경기도 화성시 동탄4동,1994,화성시,None,동탄4동
경기도 화성시 동탄5동,1454,화성시,None,동탄5동
경기도 화성시 동탄6동,1133,화성시,None,동탄6동
경기도 화성시 동탄7동,2880,화성시,None,동탄7동
경기도 화성시 동탄8동,931,화성시,None,동탄8동
경기도 화성시 마도면,258,화성시,None,마도면
경기도 화성시 매송면,272,화성시,None,매송면
경기도 화성시 반월동,1209,화성시,None,반월동
경기도 화성시 병점1동,1049,화성시,None,병점1동
경기도 화성시 병점2동,912,화성시,None,병점2동
경기도 화성시 봉담읍,2934,화성시,None,봉담읍
경기도 화성시 비봉면,217,화성시,None,비봉면
경기도 화성시 새솔동,725,화성시,None,새솔동
경기도 화성시 서신면,263,화성시,None,서신면
경기도 화성시 송산면,407,화성시,None,송산면
경기도 화성시 양감면,149,화성시,None,양감면
경기도 화성시 우정읍,649,화성시,None,우정읍
경기도 화성시 장안면,381,화성시,None,장안면
경기도 화성시 정남면,422,화성시,None,정남면
경기도 화성시 진안동,1643,화성시,None,진안동
경기도 화성시 팔탄면,368,화성시,None,팔탄면
경기도 화성시 향남읍,3135,화성시,None,향남읍
경기도 화성시 화산동,870,화성시,None,화산동
